{"is_source_file": false, "format": null, "description": "", "external_files": [], "external_methods": [], "published": [], "classes": [], "methods": [], "calls": [], "search-terms": [], "state": 2, "file_id": 11, "knowledge_revision": 17, "git_revision": "d78896fb75db8e51d346d08ef08c5a4a309768be", "hash": "d2b40d02d5f7873d8a6713bad837edd4", "format-version": 4, "code-base-name": "frontend_react", "filename": "frontend_react/public/index.html", "revision_history": [{"17": "d78896fb75db8e51d346d08ef08c5a4a309768be"}]}