{"is_source_file": false, "format": "", "description": "", "external_files": [], "external_methods": [], "published": [], "classes": [], "methods": [], "calls": [], "search-terms": ["CSS variables", "theme management", "dark theme", "light theme", "CSS variables for Theme Management", "App-logo", "theme-toggle", "responsive design", "CSS media queries"], "state": 2, "file_id": 7, "knowledge_revision": 20, "git_revision": "d78896fb75db8e51d346d08ef08c5a4a309768be", "hash": "22f9e17cc1848b56dbb244518ac2707e", "format-version": 4, "code-base-name": "frontend_react", "filename": "frontend_react/src/App.css", "revision_history": [{"20": "d78896fb75db8e51d346d08ef08c5a4a309768be"}]}