{"is_source_file": true, "format": "JavaScript (React JSX)", "description": "This is the main entry point for a React application, responsible for rendering the root component into the DOM.", "external_files": ["./App", "./index.css"], "external_methods": ["ReactDOM.createRoot", "root.render"], "published": [], "classes": [], "methods": [{"name": "ReactDOM.createRoot", "description": "Creates a root for ReactDOM to manage rendering into the specified DOM element."}, {"name": "root.render", "description": "Renders React elements into the created root."}], "calls": ["ReactDOM.createRoot", "root.render"], "search-terms": ["React", "DOM rendering", "index.js", "entry point", "React.StrictMode"], "state": 2, "file_id": 5, "knowledge_revision": 23, "git_revision": "d78896fb75db8e51d346d08ef08c5a4a309768be", "ctags": [{"_type": "tag", "name": "root", "path": "/home/kavia/workspace/code-generation/daily-journal-app-201731-201740/frontend_react/src/index.js", "pattern": "/^const root = ReactDOM.createRoot(document.getElementById('root'));$/", "language": "JavaScript", "kind": "constant"}], "hash": "9fc5841375336fc175b49f8767a11383", "format-version": 4, "code-base-name": "frontend_react", "filename": "frontend_react/src/index.js", "revision_history": [{"23": "d78896fb75db8e51d346d08ef08c5a4a309768be"}]}