{"is_source_file": true, "format": "JavaScript (React component)", "description": "This file defines a React functional component named 'App' that manages a theme toggling feature ('light' and 'dark') using React hooks. It includes UI elements for toggling the theme, displays a logo, and provides a link to the React documentation.", "external_files": ["./logo.svg", "./App.css"], "external_methods": ["React.useState", "React.useEffect"], "published": ["App"], "classes": [], "methods": [{"name": "App()", "description": "Main React functional component managing theme state and rendering UI elements, including a theme toggle button.", "scope": "", "scopeKind": ""}, {"name": "toggleTheme", "description": "Internal function that switches the theme state between 'light' and 'dark'."}], "calls": ["React.useState", "React.useEffect", "document.documentElement.setAttribute"], "search-terms": ["React functional component", "theme toggle", "useState hook", "useEffect hook", "React logo", "App.css", "App.js"], "state": 2, "file_id": 4, "knowledge_revision": 25, "git_revision": "d78896fb75db8e51d346d08ef08c5a4a309768be", "ctags": [{"_type": "tag", "name": "App", "path": "/home/kavia/workspace/code-generation/daily-journal-app-201731-201740/frontend_react/src/App.js", "pattern": "/^function App() {$/", "language": "JavaScript", "kind": "function", "signature": "()"}, {"_type": "tag", "name": "Switch to ${theme === 'light' ? 'dark' : 'light'} mode", "path": "/home/kavia/workspace/code-generation/daily-journal-app-201731-201740/frontend_react/src/App.js", "pattern": "/^          aria-label={`Switch to ${theme === 'light' ? 'dark' : 'light'} mode`}$/", "language": "JavaScript", "kind": "field", "scope": "App.aria", "scopeKind": "class"}, {"_type": "tag", "name": "toggleTheme", "path": "/home/kavia/workspace/code-generation/daily-journal-app-201731-201740/frontend_react/src/App.js", "pattern": "/^          onClick={toggleTheme}$/", "language": "JavaScript", "kind": "field", "scope": "App.onClick", "scopeKind": "class"}], "hash": "b55dd9e6a018e59207d8e277dffd9e11", "format-version": 4, "code-base-name": "frontend_react", "filename": "frontend_react/src/App.js", "fields": [{"name": "aria-label={`Switch to ${theme === 'light' ? 'dark' : 'light'} mode`}", "scope": "App.aria", "scopeKind": "class", "description": "unavailable"}, {"name": "onClick={toggleTheme}", "scope": "App.onClick", "scopeKind": "class", "description": "unavailable"}], "revision_history": [{"25": "d78896fb75db8e51d346d08ef08c5a4a309768be"}]}